Workbook
Name nsw_rainfall_1: NSW!$A$2:$B$127
Name nt_rainfall: NT!$A$2:$B$127
Name qld_rainfall: QLD!$A$2:$B$127
Name sa_rainfall: SA!$A$2:$B$127
Name tas_rainfall: TAS!$A$2:$B$127
Name vic_rainfall: VIC!$A$2:$B$127
Name wa_rainfall: WA!$A$2:$B$127

Sheet Summary
A1: state | B1: federation | C1: wwii | D1: millennium | E1: tinderbox
A2: New South Wales | B2: =ROUND(NSW!H4, 1) -> 70.6 | C2: =ROUND(NSW!H5, 1) -> 77.9 | D2: =ROUND(NSW!H6, 1) -> 90.1 | E2: =ROUND(NSW!H7, 1) -> 62.3
A3: Victoria | B3: =ROUND(VIC!H4, 1) -> 86.8 | C3: =ROUND(VIC!H5, 1) -> 84.2 | D3: =ROUND(VIC!H6, 1) -> 84.3 | E3: =ROUND(VIC!H7, 1) -> 78.8
A4: Queensland | B4: =ROUND(QLD!H4, 1) -> 65.1 | C4: =ROUND(QLD!H5, 1) -> 94.5 | D4: =ROUND(QLD!H6, 1) -> 101.9 | E4: =ROUND(QLD!H7, 1) -> 83.4
A5: South Australia | B5: =ROUND(SA!H4, 1) -> 78.3 | C5: =ROUND(SA!H5, 1) -> 87.6 | D5: =ROUND(SA!H6, 1) -> 96.4 | E5: =ROUND(SA!H7, 1) -> 71.7
A6: Western Australia | B6: =ROUND(WA!H4, 1) -> 102.3 | C6: =ROUND(WA!H5, 1) -> 92.3 | D6: =ROUND(WA!H6, 1) -> 123.1 | E6: =ROUND(WA!H7, 1) -> 99.6
A7: Tasmania | B7: =ROUND(TAS!H4, 1) -> 89.2 | C7: =ROUND(TAS!H5, 1) -> 97.8 | D7: =ROUND(TAS!H6, 1) -> 94.7 | E7: =ROUND(TAS!H7, 1) -> 93.6
A8: Northern Territory | B8: =ROUND(NT!H4, 1) -> 73.3 | C8: =ROUND(NT!H5, 1) -> 95.7 | D8: =ROUND(NT!H6, 1) -> 116.1 | E8: =ROUND(NT!H7, 1) -> 84.5

Sheet Summary2
A1: state | B1: abbrev | C1: lon | D1: lat | E1: dry_years | F1: longest_run | G1: longest_run_years
A2: New South Wales | B2: NSW | C2: 147.01 | D2: -32.18 | E2: =NSW!H8 -> 31 | F2: =NSW!H9 -> 9 | G2: =NSW!H11 -> 1922-1930
A3: Victoria | B3: VIC | C3: 143.37 | D3: -36.98 | E3: =VIC!H8 -> 19 | F3: =VIC!H9 -> 13 | G3: =VIC!H11 -> 1997-2009
A4: Queensland | B4: QLD | C4: 144.41 | D4: -22.78 | E4: =QLD!H8 -> 27 | F4: =QLD!H9 -> 6 | G4: =QLD!H11 -> 2001-2006
A5: South Australia | B5: SA | C5: 135.92 | D5: -29.88 | E5: =SA!H8 -> 40 | F5: =SA!H9 -> 17 | G5: =SA!H11 -> 1922-1938
A6: Western Australia | B6: WA | C6: 122.3 | D6: -25.76 | E6: =WA!H8 -> 20 | F6: =WA!H9 -> 7 | G6: =WA!H11 -> 1948-1954
A7: Tasmania | B7: TAS | C7: 146.58 | D7: -42.04 | E7: =TAS!H8 -> 6 | F7: =TAS!H9 -> 6 | G7: =TAS!H11 -> 1997-2002
A8: Northern Territory | B8: NT | C8: 133.37 | D8: -19.48 | E8: =NT!H8 -> 30 | F8: =NT!H9 -> 9 | G8: =NT!H11 -> 1958-1966

Sheet NSW
A1: Raw_Year | B1: Raw_Rainfall | C1: Year | D1: Rainfall mm | E1: % of normal | F1: Dry run | G1: Normalised
A2: 190001190012 | B2: 483.03 | C2: =INT(A2/100000000) -> 1900 | D2: =B2 -> 483.03 | E2: =D2 / $G$2 * 100 -> 86.844816 | F2: =IF(E2<100, 1, 0) -> 1 | G2: =AVERAGEIFS(D:D, C:C, ">=1961", C:C, "<=1990") -> 556.199
A3: 190101190112 | B3: 396.3 | C3: =INT(A3/100000000) -> 1901 | D3: =B3 -> 396.3 | E3: =D3 / $G$2 * 100 -> 71.251477 | F3: =IF(E3<100, F2+1, 0) -> 2
A4: 190201190212 | B4: 299.4 | C4: =INT(A4/100000000) -> 1902 | D4: =B4 -> 299.4 | E4: =D4 / $G$2 * 100 -> 53.829654 | F4: =IF(E4<100, F3+1, 0) -> 3 | G4: Federation | H4: =AVERAGEIFS(E:E, C:C, ">=1900", C:C, "<=1902") -> 70.641982
A5: 190301190312 | B5: 541.69 | C5: =INT(A5/100000000) -> 1903 | D5: =B5 -> 541.69 | E5: =D5 / $G$2 * 100 -> 97.391401 | F5: =IF(E5<100, F4+1, 0) -> 4 | G5: WWII | H5: =AVERAGEIFS(E:E, C:C, ">=1937", C:C, "<=1945") -> 77.854629
A6: 190401190412 | B6: 471.57 | C6: =INT(A6/100000000) -> 1904 | D6: =B6 -> 471.57 | E6: =D6 / $G$2 * 100 -> 84.784403 | F6: =IF(E6<100, F5+1, 0) -> 5 | G6: Millennium | H6: =AVERAGEIFS(E:E, C:C, ">=1997", C:C, "<=2009") -> 90.062536
A7: 190501190512 | B7: 445.33 | C7: =INT(A7/100000000) -> 1905 | D7: =B7 -> 445.33 | E7: =D7 / $G$2 * 100 -> 80.066667 | F7: =IF(E7<100, F6+1, 0) -> 6 | G7: Tinderbox | H7: =AVERAGEIFS(E:E, C:C, ">=2017", C:C, "<=2019") -> 62.30384
A8: 190601190612 | B8: 573.64 | C8: =INT(A8/100000000) -> 1906 | D8: =B8 -> 573.64 | E8: =D8 / $G$2 * 100 -> 103.13575 | F8: =IF(E8<100, F7+1, 0) -> 0 | G8: Dry years | H8: =COUNTIF(E:E, "<80") -> 31
A9: 190701190712 | B9: 462.46 | C9: =INT(A9/100000000) -> 1907 | D9: =B9 -> 462.46 | E9: =D9 / $G$2 * 100 -> 83.1465 | F9: =IF(E9<100, F8+1, 0) -> 1 | G9: Longest dry run | H9: =MAX(F:F) -> 9
A10: 190801190812 | B10: 471.63 | C10: =INT(A10/100000000) -> 1908 | D10: =B10 -> 471.63 | E10: =D10 / $G$2 * 100 -> 84.79519 | F10: =IF(E10<100, F9+1, 0) -> 2 | G10: Run ended in | H10: =INDEX(C:C, MATCH(H9, F:F, 0)) -> 1930
A11: 190901190912 | B11: 476.1 | C11: =INT(A11/100000000) -> 1909 | D11: =B11 -> 476.1 | E11: =D11 / $G$2 * 100 -> 85.598859 | F11: =IF(E11<100, F10+1, 0) -> 3 | G11: Run years | H11: =(H10-H9+1) & "-" & H10 -> 1922-1930
A12: 191001191012 | B12: 514.57 | C12: =INT(A12/100000000) -> 1910 | D12: =B12 -> 514.57 | E12: =D12 / $G$2 * 100 -> 92.515449 | F12: =IF(E12<100, F11+1, 0) -> 4
A13: 191101191112 | B13: 587.63 | C13: =INT(A13/100000000) -> 1911 | D13: =B13 -> 587.63 | E13: =D13 / $G$2 * 100 -> 105.65103 | F13: =IF(E13<100, F12+1, 0) -> 0
A14: 191201191212 | B14: 431.09 | C14: =INT(A14/100000000) -> 1912 | D14: =B14 -> 431.09 | E14: =D14 / $G$2 * 100 -> 77.506432 | F14: =IF(E14<100, F13+1, 0) -> 1
A15: 191301191312 | B15: 491.14 | C15: =INT(A15/100000000) -> 1913 | D15: =B15 -> 491.14 | E15: =D15 / $G$2 * 100 -> 88.302928 | F15: =IF(E15<100, F14+1, 0) -> 2
A16: 191401191412 | B16: 462.46 | C16: =INT(A16/100000000) -> 1914 | D16: =B16 -> 462.46 | E16: =D16 / $G$2 * 100 -> 83.1465 | F16: =IF(E16<100, F15+1, 0) -> 3
A17: 191501191512 | B17: 362.3 | C17: =INT(A17/100000000) -> 1915 | D17: =B17 -> 362.3 | E17: =D17 / $G$2 * 100 -> 65.138557 | F17: =IF(E17<100, F16+1, 0) -> 4
A18: 191601191612 | B18: 644.86 | C18: =INT(A18/100000000) -> 1916 | D18: =B18 -> 644.86 | E18: =D18 / $G$2 * 100 -> 115.94052 | F18: =IF(E18<100, F17+1, 0) -> 0
A19: 191701191712 | B19: 624.03 | C19: =INT(A19/100000000) -> 1917 | D19: =B19 -> 624.03 | E19: =D19 / $G$2 * 100 -> 112.19546 | F19: =IF(E19<100, F18+1, 0) -> 0
A20: 191801191812 | B20: 389.99 | C20: =INT(A20/100000000) -> 1918 | D20: =B20 -> 389.99 | E20: =D20 / $G$2 * 100 -> 70.116991 | F20: =IF(E20<100, F19+1, 0) -> 1
A21: 191901191912 | B21: 351.97 | C21: =INT(A21/100000000) -> 1919 | D21: =B21 -> 351.97 | E21: =D21 / $G$2 * 100 -> 63.281308 | F21: =IF(E21<100, F20+1, 0) -> 2
A22: 192001192012 | B22: 577.32 | C22: =INT(A22/100000000) -> 1920 | D22: =B22 -> 577.32 | E22: =D22 / $G$2 * 100 -> 103.79738 | F22: =IF(E22<100, F21+1, 0) -> 0
A23: 192101192112 | B23: 676.18 | C23: =INT(A23/100000000) -> 1921 | D23: =B23 -> 676.18 | E23: =D23 / $G$2 * 100 -> 121.5716 | F23: =IF(E23<100, F22+1, 0) -> 0
... A127: 202501202512 | B127: 531.37 | C127: =INT(A127/100000000) -> 2025 | D127: =B127 -> 531.37 | E127: =D127 / $G$2 * 100 -> 95.53595 | F127: =IF(E127<100, F126+1, 0) -> 1

Sheet VIC
A1: Raw_Year | B1: Raw_Rainfall | C1: Year | D1: Rainfall mm | E1: % of normal | F1: Dry run | G1: Normalised
A2: 190001190012 | B2: 656.5 | C2: =INT(A2/100000000) -> 1900 | D2: =B2 -> 656.5 | E2: =D2 / $G$2 * 100 -> 98.967213 | F2: =IF(E2<100, 1, 0) -> 1 | G2: =AVERAGEIFS(D:D, C:C, ">=1961", C:C, "<=1990") -> 663.351
A3: 190101190112 | B3: 576.59 | C3: =INT(A3/100000000) -> 1901 | D3: =B3 -> 576.59 | E3: =D3 / $G$2 * 100 -> 86.920801 | F3: =IF(E3<100, F2+1, 0) -> 2
A4: 190201190212 | B4: 493.6 | C4: =INT(A4/100000000) -> 1902 | D4: =B4 -> 493.6 | E4: =D4 / $G$2 * 100 -> 74.410079 | F4: =IF(E4<100, F3+1, 0) -> 3 | G4: Federation | H4: =AVERAGEIFS(E:E, C:C, ">=1900", C:C, "<=1902") -> 86.766031
A5: 190301190312 | B5: 715.91 | C5: =INT(A5/100000000) -> 1903 | D5: =B5 -> 715.91 | E5: =D5 / $G$2 * 100 -> 107.92326 | F5: =IF(E5<100, F4+1, 0) -> 0 | G5: WWII | H5: =AVERAGEIFS(E:E, C:C, ">=1937", C:C, "<=1945") -> 84.237957
A6: 190401190412 | B6: 611.35 | C6: =INT(A6/100000000) -> 1904 | D6: =B6 -> 611.35 | E6: =D6 / $G$2 * 100 -> 92.160862 | F6: =IF(E6<100, F5+1, 0) -> 1 | G6: Millennium | H6: =AVERAGEIFS(E:E, C:C, ">=1997", C:C, "<=2009") -> 84.327093
A7: 190501190512 | B7: 647.78 | C7: =INT(A7/100000000) -> 1905 | D7: =B7 -> 647.78 | E7: =D7 / $G$2 * 100 -> 97.652676 | F7: =IF(E7<100, F6+1, 0) -> 2 | G7: Tinderbox | H7: =AVERAGEIFS(E:E, C:C, ">=2017", C:C, "<=2019") -> 78.808956
A8: 190601190612 | B8: 745.19 | C8: =INT(A8/100000000) -> 1906 | D8: =B8 -> 745.19 | E8: =D8 / $G$2 * 100 -> 112.33721 | F8: =IF(E8<100, F7+1, 0) -> 0 | G8: Dry years | H8: =COUNTIF(E:E, "<80") -> 19
A9: 190701190712 | B9: 543.53 | C9: =INT(A9/100000000) -> 1907 | D9: =B9 -> 543.53 | E9: =D9 / $G$2 * 100 -> 81.937014 | F9: =IF(E9<100, F8+1, 0) -> 1 | G9: Longest dry run | H9: =MAX(F:F) -> 13
A10: 190801190812 | B10: 541.57 | C10: =INT(A10/100000000) -> 1908 | D10: =B10 -> 541.57 | E10: =D10 / $G$2 * 100 -> 81.641544 | F10: =IF(E10<100, F9+1, 0) -> 2 | G10: Run ended in | H10: =INDEX(C:C, MATCH(H9, F:F, 0)) -> 2009
A11: 190901190912 | B11: 707.83 | C11: =INT(A11/100000000) -> 1909 | D11: =B11 -> 707.83 | E11: =D11 / $G$2 * 100 -> 106.7052 | F11: =IF(E11<100, F10+1, 0) -> 0 | G11: Run years | H11: =(H10-H9+1) & "-" & H10 -> 1997-2009
A12: 191001191012 | B12: 693.68 | C12: =INT(A12/100000000) -> 1910 | D12: =B12 -> 693.68 | E12: =D12 / $G$2 * 100 -> 104.57209 | F12: =IF(E12<100, F11+1, 0) -> 0
A13: 191101191112 | B13: 736.45 | C13: =INT(A13/100000000) -> 1911 | D13: =B13 -> 736.45 | E13: =D13 / $G$2 * 100 -> 111.01966 | F13: =IF(E13<100, F12+1, 0) -> 0
A14: 191201191212 | B14: 584.78 | C14: =INT(A14/100000000) -> 1912 | D14: =B14 -> 584.78 | E14: =D14 / $G$2 * 100 -> 88.155441 | F14: =IF(E14<100, F13+1, 0) -> 1
A15: 191301191312 | B15: 614.85 | C15: =INT(A15/100000000) -> 1913 | D15: =B15 -> 614.85 | E15: =D15 / $G$2 * 100 -> 92.688486 | F15: =IF(E15<100, F14+1, 0) -> 2
A16: 191401191412 | B16: 397.58 | C16: =INT(A16/100000000) -> 1914 | D16: =B16 -> 397.58 | E16: =D16 / $G$2 * 100 -> 59.935087 | F16: =IF(E16<100, F15+1, 0) -> 3
A17: 191501191512 | B17: 601.48 | C17: =INT(A17/100000000) -> 1915 | D17: =B17 -> 601.48 | E17: =D17 / $G$2 * 100 -> 90.672962 | F17: =IF(E17<100, F16+1, 0) -> 4
A18: 191601191612 | B18: 794.98 | C18: =INT(A18/100000000) -> 1916 | D18: =B18 -> 794.98 | E18: =D18 / $G$2 * 100 -> 119.84304 | F18: =IF(E18<100, F17+1, 0) -> 0
A19: 191701191712 | B19: 824.17 | C19: =INT(A19/100000000) -> 1917 | D19: =B19 -> 824.17 | E19: =D19 / $G$2 * 100 -> 124.24342 | F19: =IF(E19<100, F18+1, 0) -> 0
A20: 191801191812 | B20: 639.97 | C20: =INT(A20/100000000) -> 1918 | D20: =B20 -> 639.97 | E20: =D20 / $G$2 * 100 -> 96.47532 | F20: =IF(E20<100, F19+1, 0) -> 1
A21: 191901191912 | B21: 592.43 | C21: =INT(A21/100000000) -> 1919 | D21: =B21 -> 592.43 | E21: =D21 / $G$2 * 100 -> 89.308677 | F21: =IF(E21<100, F20+1, 0) -> 2
A22: 192001192012 | B22: 660.05 | C22: =INT(A22/100000000) -> 1920 | D22: =B22 -> 660.05 | E22: =D22 / $G$2 * 100 -> 99.502375 | F22: =IF(E22<100, F21+1, 0) -> 3
A23: 192101192112 | B23: 680.14 | C23: =INT(A23/100000000) -> 1921 | D23: =B23 -> 680.14 | E23: =D23 / $G$2 * 100 -> 102.53094 | F23: =IF(E23<100, F22+1, 0) -> 0
... A127: 202501202512 | B127: 545 | C127: =INT(A127/100000000) -> 2025 | D127: =B127 -> 545 | E127: =D127 / $G$2 * 100 -> 82.158616 | F127: =IF(E127<100, F126+1, 0) -> 3

Sheet QLD
A1: Raw_Year | B1: Raw_Rainfall | C1: Year | D1: Rainfall mm | E1: % of normal | F1: Dry run | G1: Normalised
A2: 190001190012 | B2: 376.61 | C2: =INT(A2/100000000) -> 1900 | D2: =B2 -> 376.61 | E2: =D2 / $G$2 * 100 -> 60.530585 | F2: =IF(E2<100, 1, 0) -> 1 | G2: =AVERAGEIFS(D:D, C:C, ">=1961", C:C, "<=1990") -> 622.18133
A3: 190101190112 | B3: 544.42 | C3: =INT(A3/100000000) -> 1901 | D3: =B3 -> 544.42 | E3: =D3 / $G$2 * 100 -> 87.501822 | F3: =IF(E3<100, F2+1, 0) -> 2
A4: 190201190212 | B4: 294.84 | C4: =INT(A4/100000000) -> 1902 | D4: =B4 -> 294.84 | E4: =D4 / $G$2 * 100 -> 47.388114 | F4: =IF(E4<100, F3+1, 0) -> 3 | G4: Federation | H4: =AVERAGEIFS(E:E, C:C, ">=1900", C:C, "<=1902") -> 65.140173
A5: 190301190312 | B5: 773.36 | C5: =INT(A5/100000000) -> 1903 | D5: =B5 -> 773.36 | E5: =D5 / $G$2 * 100 -> 124.29817 | F5: =IF(E5<100, F4+1, 0) -> 0 | G5: WWII | H5: =AVERAGEIFS(E:E, C:C, ">=1937", C:C, "<=1945") -> 94.461565
A6: 190401190412 | B6: 610.82 | C6: =INT(A6/100000000) -> 1904 | D6: =B6 -> 610.82 | E6: =D6 / $G$2 * 100 -> 98.173951 | F6: =IF(E6<100, F5+1, 0) -> 1 | G6: Millennium | H6: =AVERAGEIFS(E:E, C:C, ">=1997", C:C, "<=2009") -> 101.90697
A7: 190501190512 | B7: 411.56 | C7: =INT(A7/100000000) -> 1905 | D7: =B7 -> 411.56 | E7: =D7 / $G$2 * 100 -> 66.147918 | F7: =IF(E7<100, F6+1, 0) -> 2 | G7: Tinderbox | H7: =AVERAGEIFS(E:E, C:C, ">=2017", C:C, "<=2019") -> 83.383515
A8: 190601190612 | B8: 817.79 | C8: =INT(A8/100000000) -> 1906 | D8: =B8 -> 817.79 | E8: =D8 / $G$2 * 100 -> 131.43917 | F8: =IF(E8<100, F7+1, 0) -> 0 | G8: Dry years | H8: =COUNTIF(E:E, "<80") -> 27
A9: 190701190712 | B9: 658.94 | C9: =INT(A9/100000000) -> 1907 | D9: =B9 -> 658.94 | E9: =D9 / $G$2 * 100 -> 105.90803 | F9: =IF(E9<100, F8+1, 0) -> 0 | G9: Longest dry run | H9: =MAX(F:F) -> 6
A10: 190801190812 | B10: 642.77 | C10: =INT(A10/100000000) -> 1908 | D10: =B10 -> 642.77 | E10: =D10 / $G$2 * 100 -> 103.30911 | F10: =IF(E10<100, F9+1, 0) -> 0 | G10: Run ended in | H10: =INDEX(C:C, MATCH(H9, F:F, 0)) -> 2006
A11: 190901190912 | B11: 641.97 | C11: =INT(A11/100000000) -> 1909 | D11: =B11 -> 641.97 | E11: =D11 / $G$2 * 100 -> 103.18053 | F11: =IF(E11<100, F10+1, 0) -> 0 | G11: Run years | H11: =(H10-H9+1) & "-" & H10 -> 2001-2006
A12: 191001191012 | B12: 813.84 | C12: =INT(A12/100000000) -> 1910 | D12: =B12 -> 813.84 | E12: =D12 / $G$2 * 100 -> 130.80431 | F12: =IF(E12<100, F11+1, 0) -> 0
A13: 191101191112 | B13: 721.96 | C13: =INT(A13/100000000) -> 1911 | D13: =B13 -> 721.96 | E13: =D13 / $G$2 * 100 -> 116.03691 | F13: =IF(E13<100, F12+1, 0) -> 0
A14: 191201191212 | B14: 509.29 | C14: =INT(A14/100000000) -> 1912 | D14: =B14 -> 509.29 | E14: =D14 / $G$2 * 100 -> 81.855558 | F14: =IF(E14<100, F13+1, 0) -> 1
A15: 191301191312 | B15: 710.59 | C15: =INT(A15/100000000) -> 1913 | D15: =B15 -> 710.59 | E15: =D15 / $G$2 * 100 -> 114.20947 | F15: =IF(E15<100, F14+1, 0) -> 0
A16: 191401191412 | B16: 593.17 | C16: =INT(A16/100000000) -> 1914 | D16: =B16 -> 593.17 | E16: =D16 / $G$2 * 100 -> 95.337158 | F16: =IF(E16<100, F15+1, 0) -> 1
A17: 191501191512 | B17: 369.37 | C17: =INT(A17/100000000) -> 1915 | D17: =B17 -> 369.37 | E17: =D17 / $G$2 * 100 -> 59.366937 | F17: =IF(E17<100, F16+1, 0) -> 2
A18: 191601191612 | B18: 767.66 | C18: =INT(A18/100000000) -> 1916 | D18: =B18 -> 767.66 | E18: =D18 / $G$2 * 100 -> 123.38204 | F18: =IF(E18<100, F17+1, 0) -> 0
A19: 191701191712 | B19: 834.01 | C19: =INT(A19/100000000) -> 1917 | D19: =B19 -> 834.01 | E19: =D19 / $G$2 * 100 -> 134.04613 | F19: =IF(E19<100, F18+1, 0) -> 0
A20: 191801191812 | B20: 654.86 | C20: =INT(A20/100000000) -> 1918 | D20: =B20 -> 654.86 | E20: =D20 / $G$2 * 100 -> 105.25227 | F20: =IF(E20<100, F19+1, 0) -> 0
A21: 191901191912 | B21: 391.45 | C21: =INT(A21/100000000) -> 1919 | D21: =B21 -> 391.45 | E21: =D21 / $G$2 * 100 -> 62.915742 | F21: =IF(E21<100, F20+1, 0) -> 1
A22: 192001192012 | B22: 749.05 | C22: =INT(A22/100000000) -> 1920 | D22: =B22 -> 749.05 | E22: =D22 / $G$2 * 100 -> 120.39095 | F22: =IF(E22<100, F21+1, 0) -> 0
A23: 192101192112 | B23: 782.48 | C23: =INT(A23/100000000) -> 1921 | D23: =B23 -> 782.48 | E23: =D23 / $G$2 * 100 -> 125.76398 | F23: =IF(E23<100, F22+1, 0) -> 0
... A127: 202501202512 | B127: 831.16 | C127: =INT(A127/100000000) -> 2025 | D127: =B127 -> 831.16 | E127: =D127 / $G$2 * 100 -> 133.58806 | F127: =IF(E127<100, F126+1, 0) -> 0

Sheet SA
A1: Raw_Year | B1: Raw_Rainfall | C1: Year | D1: Rainfall mm | E1: % of normal | F1: Dry run | G1: Normalised
A2: 190001190012 | B2: 177.65 | C2: =INT(A2/100000000) -> 1900 | D2: =B2 -> 177.65 | E2: =D2 / $G$2 * 100 -> 79.382102 | F2: =IF(E2<100, 1, 0) -> 1 | G2: =AVERAGEIFS(D:D, C:C, ">=1961", C:C, "<=1990") -> 223.791
A3: 190101190112 | B3: 193.86 | C3: =INT(A3/100000000) -> 1901 | D3: =B3 -> 193.86 | E3: =D3 / $G$2 * 100 -> 86.625468 | F3: =IF(E3<100, F2+1, 0) -> 2
A4: 190201190212 | B4: 153.85 | C4: =INT(A4/100000000) -> 1902 | D4: =B4 -> 153.85 | E4: =D4 / $G$2 * 100 -> 68.747179 | F4: =IF(E4<100, F3+1, 0) -> 3 | G4: Federation | H4: =AVERAGEIFS(E:E, C:C, ">=1900", C:C, "<=1902") -> 78.251583
A5: 190301190312 | B5: 263.36 | C5: =INT(A5/100000000) -> 1903 | D5: =B5 -> 263.36 | E5: =D5 / $G$2 * 100 -> 117.68123 | F5: =IF(E5<100, F4+1, 0) -> 0 | G5: WWII | H5: =AVERAGEIFS(E:E, C:C, ">=1937", C:C, "<=1945") -> 87.621436
A6: 190401190412 | B6: 238.21 | C6: =INT(A6/100000000) -> 1904 | D6: =B6 -> 238.21 | E6: =D6 / $G$2 * 100 -> 106.44307 | F6: =IF(E6<100, F5+1, 0) -> 0 | G6: Millennium | H6: =AVERAGEIFS(E:E, C:C, ">=1997", C:C, "<=2009") -> 96.400041
A7: 190501190512 | B7: 161.07 | C7: =INT(A7/100000000) -> 1905 | D7: =B7 -> 161.07 | E7: =D7 / $G$2 * 100 -> 71.973404 | F7: =IF(E7<100, F6+1, 0) -> 1 | G7: Tinderbox | H7: =AVERAGEIFS(E:E, C:C, ">=2017", C:C, "<=2019") -> 71.675507
A8: 190601190612 | B8: 231.33 | C8: =INT(A8/100000000) -> 1906 | D8: =B8 -> 231.33 | E8: =D8 / $G$2 * 100 -> 103.36877 | F8: =IF(E8<100, F7+1, 0) -> 0 | G8: Dry years | H8: =COUNTIF(E:E, "<80") -> 40
A9: 190701190712 | B9: 223.07 | C9: =INT(A9/100000000) -> 1907 | D9: =B9 -> 223.07 | E9: =D9 / $G$2 * 100 -> 99.677824 | F9: =IF(E9<100, F8+1, 0) -> 1 | G9: Longest dry run | H9: =MAX(F:F) -> 17
A10: 190801190812 | B10: 272.89 | C10: =INT(A10/100000000) -> 1908 | D10: =B10 -> 272.89 | E10: =D10 / $G$2 * 100 -> 121.93967 | F10: =IF(E10<100, F9+1, 0) -> 0 | G10: Run ended in | H10: =INDEX(C:C, MATCH(H9, F:F, 0)) -> 1938
A11: 190901190912 | B11: 204.24 | C11: =INT(A11/100000000) -> 1909 | D11: =B11 -> 204.24 | E11: =D11 / $G$2 * 100 -> 91.263724 | F11: =IF(E11<100, F10+1, 0) -> 1 | G11: Run years | H11: =(H10-H9+1) & "-" & H10 -> 1922-1938
A12: 191001191012 | B12: 284.73 | C12: =INT(A12/100000000) -> 1910 | D12: =B12 -> 284.73 | E12: =D12 / $G$2 * 100 -> 127.23032 | F12: =IF(E12<100, F11+1, 0) -> 0
A13: 191101191112 | B13: 209.33 | C13: =INT(A13/100000000) -> 1911 | D13: =B13 -> 209.33 | E13: =D13 / $G$2 * 100 -> 93.538167 | F13: =IF(E13<100, F12+1, 0) -> 1
A14: 191201191212 | B14: 203.46 | C14: =INT(A14/100000000) -> 1912 | D14: =B14 -> 203.46 | E14: =D14 / $G$2 * 100 -> 90.915184 | F14: =IF(E14<100, F13+1, 0) -> 2
A15: 191301191312 | B15: 190.77 | C15: =INT(A15/100000000) -> 1913 | D15: =B15 -> 190.77 | E15: =D15 / $G$2 * 100 -> 85.244715 | F15: =IF(E15<100, F14+1, 0) -> 3
A16: 191401191412 | B16: 169.16 | C16: =INT(A16/100000000) -> 1914 | D16: =B16 -> 169.16 | E16: =D16 / $G$2 * 100 -> 75.588384 | F16: =IF(E16<100, F15+1, 0) -> 4
A17: 191501191512 | B17: 156.04 | C17: =INT(A17/100000000) -> 1915 | D17: =B17 -> 156.04 | E17: =D17 / $G$2 * 100 -> 69.725771 | F17: =IF(E17<100, F16+1, 0) -> 5
A18: 191601191612 | B18: 278.86 | C18: =INT(A18/100000000) -> 1916 | D18: =B18 -> 278.86 | E18: =D18 / $G$2 * 100 -> 124.60733 | F18: =IF(E18<100, F17+1, 0) -> 0
A19: 191701191712 | B19: 300.93 | C19: =INT(A19/100000000) -> 1917 | D19: =B19 -> 300.93 | E19: =D19 / $G$2 * 100 -> 134.46921 | F19: =IF(E19<100, F18+1, 0) -> 0
A20: 191801191812 | B20: 158.61 | C20: =INT(A20/100000000) -> 1918 | D20: =B20 -> 158.61 | E20: =D20 / $G$2 * 100 -> 70.874164 | F20: =IF(E20<100, F19+1, 0) -> 1
A21: 191901191912 | B21: 171.91 | C21: =INT(A21/100000000) -> 1919 | D21: =B21 -> 171.91 | E21: =D21 / $G$2 * 100 -> 76.817209 | F21: =IF(E21<100, F20+1, 0) -> 2
A22: 192001192012 | B22: 323.79 | C22: =INT(A22/100000000) -> 1920 | D22: =B22 -> 323.79 | E22: =D22 / $G$2 * 100 -> 144.6841 | F22: =IF(E22<100, F21+1, 0) -> 0
A23: 192101192112 | B23: 298.05 | C23: =INT(A23/100000000) -> 1921 | D23: =B23 -> 298.05 | E23: =D23 / $G$2 * 100 -> 133.1823 | F23: =IF(E23<100, F22+1, 0) -> 0
... A127: 202501202512 | B127: 160.88 | C127: =INT(A127/100000000) -> 2025 | D127: =B127 -> 160.88 | E127: =D127 / $G$2 * 100 -> 71.888503 | F127: =IF(E127<100, F126+1, 0) -> 3

Sheet WA
A1: Raw_Year | B1: Raw_Rainfall | C1: Year | D1: Rainfall mm | E1: % of normal | F1: Dry run | G1: Normalised
A2: 190001190012 | B2: 392.46 | C2: =INT(A2/100000000) -> 1900 | D2: =B2 -> 392.46 | E2: =D2 / $G$2 * 100 -> 114.80955 | F2: =IF(E2<100, 1, 0) -> 0 | G2: =AVERAGEIFS(D:D, C:C, ">=1961", C:C, "<=1990") -> 341.83567
A3: 190101190112 | B3: 309.36 | C3: =INT(A3/100000000) -> 1901 | D3: =B3 -> 309.36 | E3: =D3 / $G$2 * 100 -> 90.499626 | F3: =IF(E3<100, F2+1, 0) -> 1
A4: 190201190212 | B4: 347.17 | C4: =INT(A4/100000000) -> 1902 | D4: =B4 -> 347.17 | E4: =D4 / $G$2 * 100 -> 101.5605 | F4: =IF(E4<100, F3+1, 0) -> 0 | G4: Federation | H4: =AVERAGEIFS(E:E, C:C, ">=1900", C:C, "<=1902") -> 102.28989
A5: 190301190312 | B5: 359.83 | C5: =INT(A5/100000000) -> 1903 | D5: =B5 -> 359.83 | E5: =D5 / $G$2 * 100 -> 105.26403 | F5: =IF(E5<100, F4+1, 0) -> 0 | G5: WWII | H5: =AVERAGEIFS(E:E, C:C, ">=1937", C:C, "<=1945") -> 92.261031
A6: 190401190412 | B6: 393.71 | C6: =INT(A6/100000000) -> 1904 | D6: =B6 -> 393.71 | E6: =D6 / $G$2 * 100 -> 115.17523 | F6: =IF(E6<100, F5+1, 0) -> 0 | G6: Millennium | H6: =AVERAGEIFS(E:E, C:C, ">=1997", C:C, "<=2009") -> 123.06588
A7: 190501190512 | B7: 256.77 | C7: =INT(A7/100000000) -> 1905 | D7: =B7 -> 256.77 | E7: =D7 / $G$2 * 100 -> 75.115041 | F7: =IF(E7<100, F6+1, 0) -> 1 | G7: Tinderbox | H7: =AVERAGEIFS(E:E, C:C, ">=2017", C:C, "<=2019") -> 99.554659
A8: 190601190612 | B8: 319.27 | C8: =INT(A8/100000000) -> 1906 | D8: =B8 -> 319.27 | E8: =D8 / $G$2 * 100 -> 93.39868 | F8: =IF(E8<100, F7+1, 0) -> 2 | G8: Dry years | H8: =COUNTIF(E:E, "<80") -> 20
A9: 190701190712 | B9: 334.79 | C9: =INT(A9/100000000) -> 1907 | D9: =B9 -> 334.79 | E9: =D9 / $G$2 * 100 -> 97.938873 | F9: =IF(E9<100, F8+1, 0) -> 3 | G9: Longest dry run | H9: =MAX(F:F) -> 7
A10: 190801190812 | B10: 356.54 | C10: =INT(A10/100000000) -> 1908 | D10: =B10 -> 356.54 | E10: =D10 / $G$2 * 100 -> 104.30158 | F10: =IF(E10<100, F9+1, 0) -> 0 | G10: Run ended in | H10: =INDEX(C:C, MATCH(H9, F:F, 0)) -> 1954
A11: 190901190912 | B11: 361.69 | C11: =INT(A11/100000000) -> 1909 | D11: =B11 -> 361.69 | E11: =D11 / $G$2 * 100 -> 105.80815 | F11: =IF(E11<100, F10+1, 0) -> 0 | G11: Run years | H11: =(H10-H9+1) & "-" & H10 -> 1948-1954
A12: 191001191012 | B12: 338.97 | C12: =INT(A12/100000000) -> 1910 | D12: =B12 -> 338.97 | E12: =D12 / $G$2 * 100 -> 99.161683 | F12: =IF(E12<100, F11+1, 0) -> 1
A13: 191101191112 | B13: 235.4 | C13: =INT(A13/100000000) -> 1911 | D13: =B13 -> 235.4 | E13: =D13 / $G$2 * 100 -> 68.863499 | F13: =IF(E13<100, F12+1, 0) -> 2
A14: 191201191212 | B14: 302.86 | C14: =INT(A14/100000000) -> 1912 | D14: =B14 -> 302.86 | E14: =D14 / $G$2 * 100 -> 88.598128 | F14: =IF(E14<100, F13+1, 0) -> 3
A15: 191301191312 | B15: 291.8 | C15: =INT(A15/100000000) -> 1913 | D15: =B15 -> 291.8 | E15: =D15 / $G$2 * 100 -> 85.362655 | F15: =IF(E15<100, F14+1, 0) -> 4
A16: 191401191412 | B16: 341.82 | C16: =INT(A16/100000000) -> 1914 | D16: =B16 -> 341.82 | E16: =D16 / $G$2 * 100 -> 99.995417 | F16: =IF(E16<100, F15+1, 0) -> 5
A17: 191501191512 | B17: 413.92 | C17: =INT(A17/100000000) -> 1915 | D17: =B17 -> 413.92 | E17: =D17 / $G$2 * 100 -> 121.08742 | F17: =IF(E17<100, F16+1, 0) -> 0
A18: 191601191612 | B18: 360.9 | C18: =INT(A18/100000000) -> 1916 | D18: =B18 -> 360.9 | E18: =D18 / $G$2 * 100 -> 105.57705 | F18: =IF(E18<100, F17+1, 0) -> 0
A19: 191701191712 | B19: 458.19 | C19: =INT(A19/100000000) -> 1917 | D19: =B19 -> 458.19 | E19: =D19 / $G$2 * 100 -> 134.03809 | F19: =IF(E19<100, F18+1, 0) -> 0
A20: 191801191812 | B20: 343.87 | C20: =INT(A20/100000000) -> 1918 | D20: =B20 -> 343.87 | E20: =D20 / $G$2 * 100 -> 100.59512 | F20: =IF(E20<100, F19+1, 0) -> 0
A21: 191901191912 | B21: 327.44 | C21: =INT(A21/100000000) -> 1919 | D21: =B21 -> 327.44 | E21: =D21 / $G$2 * 100 -> 95.788717 | F21: =IF(E21<100, F20+1, 0) -> 1
A22: 192001192012 | B22: 331.24 | C22: =INT(A22/100000000) -> 1920 | D22: =B22 -> 331.24 | E22: =D22 / $G$2 * 100 -> 96.900362 | F22: =IF(E22<100, F21+1, 0) -> 2
A23: 192101192112 | B23: 364.78 | C23: =INT(A23/100000000) -> 1921 | D23: =B23 -> 364.78 | E23: =D23 / $G$2 * 100 -> 106.71209 | F23: =IF(E23<100, F22+1, 0) -> 0
... A127: 202501202512 | B127: 346.01 | C127: =INT(A127/100000000) -> 2025 | D127: =B127 -> 346.01 | E127: =D127 / $G$2 * 100 -> 101.22115 | F127: =IF(E127<100, F126+1, 0) -> 0

Sheet TAS
A1: Raw_Year | B1: Raw_Rainfall | C1: Year | D1: Rainfall mm | E1: % of normal | F1: Dry run | G1: Normalised
A2: 190001190012 | B2: 1140.16 | C2: =INT(A2/100000000) -> 1900 | D2: =B2 -> 1140.16 | E2: =D2 / $G$2 * 100 -> 83.932022 | F2: =IF(E2<100, 1, 0) -> 1 | G2: =AVERAGEIFS(D:D, C:C, ">=1961", C:C, "<=1990") -> 1358.4327
A3: 190101190112 | B3: 1358.57 | C3: =INT(A3/100000000) -> 1901 | D3: =B3 -> 1358.57 | E3: =D3 / $G$2 * 100 -> 100.01011 | F3: =IF(E3<100, F2+1, 0) -> 0
A4: 190201190212 | B4: 1134.93 | C4: =INT(A4/100000000) -> 1902 | D4: =B4 -> 1134.93 | E4: =D4 / $G$2 * 100 -> 83.547019 | F4: =IF(E4<100, F3+1, 0) -> 1 | G4: Federation | H4: =AVERAGEIFS(E:E, C:C, ">=1900", C:C, "<=1902") -> 89.16305
A5: 190301190312 | B5: 1524.16 | C5: =INT(A5/100000000) -> 1903 | D5: =B5 -> 1524.16 | E5: =D5 / $G$2 * 100 -> 112.19989 | F5: =IF(E5<100, F4+1, 0) -> 0 | G5: WWII | H5: =AVERAGEIFS(E:E, C:C, ">=1937", C:C, "<=1945") -> 97.757841
A6: 190401190412 | B6: 1423.36 | C6: =INT(A6/100000000) -> 1904 | D6: =B6 -> 1423.36 | E6: =D6 / $G$2 * 100 -> 104.77958 | F6: =IF(E6<100, F5+1, 0) -> 0 | G6: Millennium | H6: =AVERAGEIFS(E:E, C:C, ">=1997", C:C, "<=2009") -> 94.708412
A7: 190501190512 | B7: 1447.49 | C7: =INT(A7/100000000) -> 1905 | D7: =B7 -> 1447.49 | E7: =D7 / $G$2 * 100 -> 106.55589 | F7: =IF(E7<100, F6+1, 0) -> 0 | G7: Tinderbox | H7: =AVERAGEIFS(E:E, C:C, ">=2017", C:C, "<=2019") -> 93.589475
A8: 190601190612 | B8: 1519.07 | C8: =INT(A8/100000000) -> 1906 | D8: =B8 -> 1519.07 | E8: =D8 / $G$2 * 100 -> 111.8252 | F8: =IF(E8<100, F7+1, 0) -> 0 | G8: Dry years | H8: =COUNTIF(E:E, "<80") -> 6
A9: 190701190712 | B9: 1518.5 | C9: =INT(A9/100000000) -> 1907 | D9: =B9 -> 1518.5 | E9: =D9 / $G$2 * 100 -> 111.78324 | F9: =IF(E9<100, F8+1, 0) -> 0 | G9: Longest dry run | H9: =MAX(F:F) -> 6
A10: 190801190812 | B10: 1058.36 | C10: =INT(A10/100000000) -> 1908 | D10: =B10 -> 1058.36 | E10: =D10 / $G$2 * 100 -> 77.910376 | F10: =IF(E10<100, F9+1, 0) -> 1 | G10: Run ended in | H10: =INDEX(C:C, MATCH(H9, F:F, 0)) -> 2002
A11: 190901190912 | B11: 1377.13 | C11: =INT(A11/100000000) -> 1909 | D11: =B11 -> 1377.13 | E11: =D11 / $G$2 * 100 -> 101.37639 | F11: =IF(E11<100, F10+1, 0) -> 0 | G11: Run years | H11: =(H10-H9+1) & "-" & H10 -> 1997-2002
A12: 191001191012 | B12: 1507.7 | C12: =INT(A12/100000000) -> 1910 | D12: =B12 -> 1507.7 | E12: =D12 / $G$2 * 100 -> 110.9882 | F12: =IF(E12<100, F11+1, 0) -> 0
A13: 191101191112 | B13: 1314 | C13: =INT(A13/100000000) -> 1911 | D13: =B13 -> 1314 | E13: =D13 / $G$2 * 100 -> 96.729123 | F13: =IF(E13<100, F12+1, 0) -> 1
A14: 191201191212 | B14: 1374.32 | C14: =INT(A14/100000000) -> 1912 | D14: =B14 -> 1374.32 | E14: =D14 / $G$2 * 100 -> 101.16953 | F14: =IF(E14<100, F13+1, 0) -> 0
A15: 191301191312 | B15: 1238.02 | C15: =INT(A15/100000000) -> 1913 | D15: =B15 -> 1238.02 | E15: =D15 / $G$2 * 100 -> 91.135912 | F15: =IF(E15<100, F14+1, 0) -> 1
A16: 191401191412 | B16: 1017.63 | C16: =INT(A16/100000000) -> 1914 | D16: =B16 -> 1017.63 | E16: =D16 / $G$2 * 100 -> 74.912068 | F16: =IF(E16<100, F15+1, 0) -> 2
A17: 191501191512 | B17: 1518.39 | C17: =INT(A17/100000000) -> 1915 | D17: =B17 -> 1518.39 | E17: =D17 / $G$2 * 100 -> 111.77514 | F17: =IF(E17<100, F16+1, 0) -> 0
A18: 191601191612 | B18: 1659.09 | C18: =INT(A18/100000000) -> 1916 | D18: =B18 -> 1659.09 | E18: =D18 / $G$2 * 100 -> 122.13266 | F18: =IF(E18<100, F17+1, 0) -> 0
A19: 191701191712 | B19: 1606.69 | C19: =INT(A19/100000000) -> 1917 | D19: =B19 -> 1606.69 | E19: =D19 / $G$2 * 100 -> 118.27528 | F19: =IF(E19<100, F18+1, 0) -> 0
A20: 191801191812 | B20: 1250.41 | C20: =INT(A20/100000000) -> 1918 | D20: =B20 -> 1250.41 | E20: =D20 / $G$2 * 100 -> 92.047993 | F20: =IF(E20<100, F19+1, 0) -> 1
A21: 191901191912 | B21: 1159.59 | C21: =INT(A21/100000000) -> 1919 | D21: =B21 -> 1159.59 | E21: =D21 / $G$2 * 100 -> 85.362347 | F21: =IF(E21<100, F20+1, 0) -> 2
A22: 192001192012 | B22: 1251.27 | C22: =INT(A22/100000000) -> 1920 | D22: =B22 -> 1251.27 | E22: =D22 / $G$2 * 100 -> 92.111301 | F22: =IF(E22<100, F21+1, 0) -> 3
A23: 192101192112 | B23: 1244.27 | C23: =INT(A23/100000000) -> 1921 | D23: =B23 -> 1244.27 | E23: =D23 / $G$2 * 100 -> 91.596001 | F23: =IF(E23<100, F22+1, 0) -> 4
... A127: 202501202512 | B127: 1218.12 | C127: =INT(A127/100000000) -> 2025 | D127: =B127 -> 1218.12 | E127: =D127 / $G$2 * 100 -> 89.670988 | F127: =IF(E127<100, F126+1, 0) -> 4

Sheet NT
A1: Raw_Year | B1: Raw_Rainfall | C1: Year | D1: Rainfall mm | E1: % of normal | F1: Dry run | G1: Normalised
A2: 190001190012 | B2: 340.64 | C2: =INT(A2/100000000) -> 1900 | D2: =B2 -> 340.64 | E2: =D2 / $G$2 * 100 -> 62.494687 | F2: =IF(E2<100, 1, 0) -> 1 | G2: =AVERAGEIFS(D:D, C:C, ">=1961", C:C, "<=1990") -> 545.07033
A3: 190101190112 | B3: 490.9 | C3: =INT(A3/100000000) -> 1901 | D3: =B3 -> 490.9 | E3: =D3 / $G$2 * 100 -> 90.061772 | F3: =IF(E3<100, F2+1, 0) -> 2
A4: 190201190212 | B4: 366.68 | C4: =INT(A4/100000000) -> 1902 | D4: =B4 -> 366.68 | E4: =D4 / $G$2 * 100 -> 67.272052 | F4: =IF(E4<100, F3+1, 0) -> 3 | G4: Federation | H4: =AVERAGEIFS(E:E, C:C, ">=1900", C:C, "<=1902") -> 73.27617
A5: 190301190312 | B5: 589.13 | C5: =INT(A5/100000000) -> 1903 | D5: =B5 -> 589.13 | E5: =D5 / $G$2 * 100 -> 108.0833 | F5: =IF(E5<100, F4+1, 0) -> 0 | G5: WWII | H5: =AVERAGEIFS(E:E, C:C, ">=1937", C:C, "<=1945") -> 95.697538
A6: 190401190412 | B6: 740.71 | C6: =INT(A6/100000000) -> 1904 | D6: =B6 -> 740.71 | E6: =D6 / $G$2 * 100 -> 135.89255 | F6: =IF(E6<100, F5+1, 0) -> 0 | G6: Millennium | H6: =AVERAGEIFS(E:E, C:C, ">=1997", C:C, "<=2009") -> 116.07846
A7: 190501190512 | B7: 322.13 | C7: =INT(A7/100000000) -> 1905 | D7: =B7 -> 322.13 | E7: =D7 / $G$2 * 100 -> 59.098795 | F7: =IF(E7<100, F6+1, 0) -> 1 | G7: Tinderbox | H7: =AVERAGEIFS(E:E, C:C, ">=2017", C:C, "<=2019") -> 84.474725
A8: 190601190612 | B8: 436.48 | C8: =INT(A8/100000000) -> 1906 | D8: =B8 -> 436.48 | E8: =D8 / $G$2 * 100 -> 80.077739 | F8: =IF(E8<100, F7+1, 0) -> 2 | G8: Dry years | H8: =COUNTIF(E:E, "<80") -> 30
A9: 190701190712 | B9: 550.33 | C9: =INT(A9/100000000) -> 1907 | D9: =B9 -> 550.33 | E9: =D9 / $G$2 * 100 -> 100.96495 | F9: =IF(E9<100, F8+1, 0) -> 0 | G9: Longest dry run | H9: =MAX(F:F) -> 9
A10: 190801190812 | B10: 494.9 | C10: =INT(A10/100000000) -> 1908 | D10: =B10 -> 494.9 | E10: =D10 / $G$2 * 100 -> 90.795622 | F10: =IF(E10<100, F9+1, 0) -> 1 | G10: Run ended in | H10: =INDEX(C:C, MATCH(H9, F:F, 0)) -> 1966
A11: 190901190912 | B11: 403.15 | C11: =INT(A11/100000000) -> 1909 | D11: =B11 -> 403.15 | E11: =D11 / $G$2 * 100 -> 73.962932 | F11: =IF(E11<100, F10+1, 0) -> 2 | G11: Run years | H11: =(H10-H9+1) & "-" & H10 -> 1958-1966
A12: 191001191012 | B12: 669.93 | C12: =INT(A12/100000000) -> 1910 | D12: =B12 -> 669.93 | E12: =D12 / $G$2 * 100 -> 122.90707 | F12: =IF(E12<100, F11+1, 0) -> 0
A13: 191101191112 | B13: 427.31 | C13: =INT(A13/100000000) -> 1911 | D13: =B13 -> 427.31 | E13: =D13 / $G$2 * 100 -> 78.395388 | F13: =IF(E13<100, F12+1, 0) -> 1
A14: 191201191212 | B14: 401.46 | C14: =INT(A14/100000000) -> 1912 | D14: =B14 -> 401.46 | E14: =D14 / $G$2 * 100 -> 73.65288 | F14: =IF(E14<100, F13+1, 0) -> 2
A15: 191301191312 | B15: 480.62 | C15: =INT(A15/100000000) -> 1913 | D15: =B15 -> 480.62 | E15: =D15 / $G$2 * 100 -> 88.175777 | F15: =IF(E15<100, F14+1, 0) -> 3
A16: 191401191412 | B16: 507.22 | C16: =INT(A16/100000000) -> 1914 | D16: =B16 -> 507.22 | E16: =D16 / $G$2 * 100 -> 93.055881 | F16: =IF(E16<100, F15+1, 0) -> 4
A17: 191501191512 | B17: 425.94 | C17: =INT(A17/100000000) -> 1915 | D17: =B17 -> 425.94 | E17: =D17 / $G$2 * 100 -> 78.144044 | F17: =IF(E17<100, F16+1, 0) -> 5
A18: 191601191612 | B18: 558.35 | C18: =INT(A18/100000000) -> 1916 | D18: =B18 -> 558.35 | E18: =D18 / $G$2 * 100 -> 102.43632 | F18: =IF(E18<100, F17+1, 0) -> 0
A19: 191701191712 | B19: 555.84 | C19: =INT(A19/100000000) -> 1917 | D19: =B19 -> 555.84 | E19: =D19 / $G$2 * 100 -> 101.97583 | F19: =IF(E19<100, F18+1, 0) -> 0
A20: 191801191812 | B20: 455.08 | C20: =INT(A20/100000000) -> 1918 | D20: =B20 -> 455.08 | E20: =D20 / $G$2 * 100 -> 83.490143 | F20: =IF(E20<100, F19+1, 0) -> 1
A21: 191901191912 | B21: 482.84 | C21: =INT(A21/100000000) -> 1919 | D21: =B21 -> 482.84 | E21: =D21 / $G$2 * 100 -> 88.583064 | F21: =IF(E21<100, F20+1, 0) -> 2
A22: 192001192012 | B22: 597.74 | C22: =INT(A22/100000000) -> 1920 | D22: =B22 -> 597.74 | E22: =D22 / $G$2 * 100 -> 109.66291 | F22: =IF(E22<100, F21+1, 0) -> 0
A23: 192101192112 | B23: 653.19 | C23: =INT(A23/100000000) -> 1921 | D23: =B23 -> 653.19 | E23: =D23 / $G$2 * 100 -> 119.83591 | F23: =IF(E23<100, F22+1, 0) -> 0
... A127: 202501202512 | B127: 578.89 | C127: =INT(A127/100000000) -> 2025 | D127: =B127 -> 578.89 | E127: =D127 / $G$2 * 100 -> 106.20464 | F127: =IF(E127<100, F126+1, 0) -> 0
